Function name (including params),Section,Is it on PostGIS function,Note,Support level,PostGIS Gaps,Can we support it,In Plain English,ID
geometry (TYPE),Section 1: CreateGeometryType.sql - Define the geometry type,Yes,"Composite type `(lon double precision[], lat double precision[])`. A point is a single-element array. A polygon is 3+ vertices. No explicit closing required.",Partial,"PostGIS geometry supports 2D/3D/4D (Z/M), MultiPoint/MultiLineString/MultiPolygon/GeometryCollection, polygons with holes (inner rings), embedded SRID. YB: 2D only, single simple polygon, no holes, no SRID field.",,The fundamental 2D flat-map shape. Stored as two arrays of numbers (X and Y).,1
"ST_MakePoint(p_lon double precision, p_lat double precision)",Section 1: CreateGeometryType.sql - Define the geometry type,Yes,Creates a single-point geometry.,Supported in 2D,"PostGIS geometry supports 3D/4D coordinates (Z/M). YB: 2D only, no capacity for Z/M in the underlying arrays.",,Draw a dot at this exact coordinate.,2
"ST_MakePolygon(p_lon double precision[], p_lat double precision[])",Section 1: CreateGeometryType.sql - Define the geometry type,Yes,Creates a polygon from parallel vertex arrays.,Partial,"PostGIS accepts shell + optional array of hole LineStrings, supports 3D/M. YB: no holes (inner rings) support, 2D only.",,Draw a shape using this list of connected coordinates.,3
"ST_MakeEnvelope(p_lon_min double precision, p_lat_min double precision, p_lon_max double precision, p_lat_max double precision)",Section 1: CreateGeometryType.sql - Define the geometry type,Yes,Creates a rectangle geometry from bounding box corners.,Partial,"PostGIS supports 3D bounding boxes and tracks SRID status. YB: 2D only, no SRID field.","Possible, by building a C-extension geometry type. A proper GSERIALIZED struct supports Z/M dimensions and embeds the SRID metadata.",Draw a rectangle using these minimum and maximum coordinates.,4
"ST_MakeEnvelope(p_lon_min double precision, p_lat_min double precision, p_lon_max double precision, p_lat_max double precision, p_srid integer)",Section 1: CreateGeometryType.sql - Define the geometry type,Yes,Creates a rectangle geometry from bounding box corners.,Shim,"Accepts the SRID parameter but silently ignores it, delegating to the 2D-only 4-arg version.","Possible, by building a C-extension geometry type. The C constructor will write the provided SRID integer directly into the geometry header byte 5-8 of the GSERIALIZED header.",Draw a rectangle using these minimum and maximum coordinates.,5
PostGIS_Version(),Section 1: CreateGeometryType.sql - Define the geometry type,Yes,Returns `'2.1 USE_GEOS=0'`. GeoServer version detection stub.,Stub,,,Fake a version string so GeoServer thinks PostGIS is installed.,6
PostGIS_Lib_Version(),Section 1: CreateGeometryType.sql - Define the geometry type,Yes,Returns `'2.1.8'`. GeoServer version detection stub.,Stub,,,Fake a version string so GeoServer thinks PostGIS is installed.,7
PostGIS_Full_Version(),Section 1: CreateGeometryType.sql - Define the geometry type,Yes,Returns a full version string noting YugabyteDB PL/pgSQL shim.,Stub,,,Fake a version string so GeoServer thinks PostGIS is installed.,8
PostGIS_GEOS_Version(),Section 1: CreateGeometryType.sql - Define the geometry type,Yes,Returns NULL. GEOS is not available.,Stub,,,Fake a version string so GeoServer thinks PostGIS is installed.,9
ST_SRID(p_geom geometry),Section 1: CreateGeometryType.sql - Define the geometry type,Yes,Always returns 4326.,Stub,,,"What coordinate system (e.g., GPS WGS84) is this shape using?",10
"ST_SetSRID(p_geom geometry, p_srid integer)",Section 1: CreateGeometryType.sql - Define the geometry type,Yes,Returns the geometry unchanged.,Stub,,,Change the metadata tag to say this shape uses a different coordinate system.,11
"ST_Transform(p_geom geometry, p_srid integer)",Section 1: CreateGeometryType.sql - Define the geometry type,Yes,Returns the geometry unchanged. In real PostGIS this reprojects coordinates.,Stub,,,"Reproject these coordinates from one system (e.g., GPS) to another (e.g., Web Mercator).",12
ST_AsBinary(p_geom geometry),Section 1: CreateGeometryType.sql - Define the geometry type,Yes,"Encodes geometry to OGC Well-Known Binary (little-endian). Handles POINT, LINESTRING, POLYGON, and empty geometries. 

So basically transfer YB language to Geoserver language",Partial,"PostGIS encodes all OGC types (Multi*, GeometryCollection, 3D). YB: Point/LineString/Polygon only, no multi-geometry, no 3D.",,Convert this shape into raw bytes (WKB) for software like GeoServer to read.,13
lm__float8_to_le_bytea(val double precision),Section 1: CreateGeometryType.sql - Define the geometry type,No (internal helper),"Converts a 64-bit float to 8 little-endian bytes. Uses `float8send()` then reverses byte order.

C0 5B F8 FC 7A E1 47 AE -> AE 47 E1 7A FC F8 5B C0",Internal Helper,,,Converts a decimal number into raw bytes so GeoServer can read it.,14
lm__int32_to_le_bytea(val integer),Section 1: CreateGeometryType.sql - Define the geometry type,No (internal helper),Converts a 32-bit integer to 4 little-endian bytes via bit shifting.,Internal Helper,,,Converts a whole number into raw bytes so GeoServer can read it.,15
"geometry_overlaps_bbox(a geometry, b geometry)",Section 1: CreateGeometryType.sql - Define the geometry type,No (operator backing fn),Backing function for the `&&` operator. Tests AABB (Axis-Aligned Bounding Box) overlap.,Internal Helper,,,Checks if the rectangular boundaries of two shapes overlap.,16
"&& (OPERATOR: geometry, geometry)",Section 1: CreateGeometryType.sql - Define the geometry type,Yes,Bounding-box overlap. Returns true if AABBs intersect.,Supported,but slower because of the index structure,,Do the rectangular bounding boxes of these two shapes overlap?,17
"lm__st_extent_transfn(state geometry, val geometry)",Section 1: CreateGeometryType.sql - Define the geometry type,No (internal helper),"Transition function for `ST_Extent` aggregate. Expands bounding box. Input a box and a dot, return a same or bigger box (this is just growing a box)",Internal Helper,,,Helper that expands a bounding box to include a new shape.,18
ST_Extent(geometry) (AGGREGATE),Section 1: CreateGeometryType.sql - Define the geometry type,Yes,Computes a single bounding box that encloses all input geometries. (uses the lm__st_extent_transfn above),Supported,,,Draw one giant bounding box that encloses every single shape in this entire database table.,19
ST_AsEWKB(p_geom geometry),Section 1: CreateGeometryType.sql - Define the geometry type,Yes,Extended WKB. Same as `ST_AsBinary` but embeds SRID 4326 into the byte header. TBD,Partial,"PostGIS encodes all OGC types including curves, 3D, polyhedral surfaces. YB: Point/LineString/Polygon only, no multi-geometry, no 3D.",,"Convert this shape into raw bytes, and include the SRID tag.",20
ST_Force2D(p_geom geometry),Section 1: CreateGeometryType.sql - Define the geometry type,Yes,Identity. Always 2D. (stub),Stub,,,Throw away the altitude (Z) and measure (M) data to make the shape perfectly flat.,21
ST_Force_2D(p_geom geometry),Section 1: CreateGeometryType.sql - Define the geometry type,Yes,Identity. Always 2D. (stub),Stub,,,Throw away the altitude (Z) and measure (M) data to make the shape perfectly flat.,22
ST_NDims(p_geom geometry),Section 1: CreateGeometryType.sql - Define the geometry type,Yes,Always returns 2. (stub),Stub,,,"Does this shape have 2, 3, or 4 dimensions?",23
"ST_GeomFromText(p_wkt text, p_srid integer)",Section 1: CreateGeometryType.sql - Define the geometry type,Yes,2-arg version. SRID accepted but ignored. Delegates to 1-arg version (defined later in Tier 2).,Shim,,,"Read a text string like ""POINT(-111 40)"" and turn it into a database shape.",24
"ST_GeomFromWKB(p_wkb bytea, p_srid integer)",Section 1: CreateGeometryType.sql - Define the geometry type,Yes,"Decodes OGC WKB binary back to geometry. Handles POINT, LINESTRING, POLYGON. Skips SRID bytes if present.",Partial,"PostGIS decodes all WKB types (Multi*, GeometryCollection, curves, 3D). YB: Point/LineString/Polygon only, first ring only for polygons.",,Read raw bytes from other software and turn them into a database shape.,25
ST_GeomFromWKB(p_wkb bytea),Section 1: CreateGeometryType.sql - Define the geometry type,Yes,"Decodes OGC WKB binary back to geometry. Handles POINT, LINESTRING, POLYGON.",Partial,"PostGIS decodes all WKB types (Multi*, GeometryCollection, curves, 3D). YB: Point/LineString/Polygon only, first ring only for polygons.",,Read raw bytes from other software and turn them into a database shape.,26
"lm__le_bytea_to_float8(p_wkb bytea, p_offset integer)",Section 1: CreateGeometryType.sql - Define the geometry type,No (internal helper),Reads 8 little-endian bytes from a bytea at the given offset and returns a float8. Reverses bytes then calls `float8recv()`. reverse a WKB and make it float,Internal Helper,,,Reads raw bytes from GeoServer and turns them back into a decimal number.,27
"lm__le_bytea_to_int32(p_wkb bytea, p_offset integer)",Section 1: CreateGeometryType.sql - Define the geometry type,No (internal helper),Reads 4 little-endian bytes and returns an integer. So basically covert geoserver format to human readable,Internal Helper,,,Reads raw bytes from GeoServer and turns them back into a whole number.,28
"ST_MakePoint(p_lon double precision, p_lat double precision, p_z double precision)",Section 1: CreateGeometryType.sql - Define the geometry type,Yes,3-arg version. Z is discarded (always 2D). (stub),Stub,,,Draw a dot at this exact coordinate.,29
"ST_EstimatedExtent(p_schema text, p_table text, p_column text)",Section 1: CreateGeometryType.sql - Define the geometry type,Yes,Computes a single bounding box that encloses all input geometries.,shim,,,Quickly guess the giant bounding box for this entire table without scanning every row.,30
"ST_Estimated_Extent(p_schema text, p_table text, p_column text)",Section 1: CreateGeometryType.sql - Define the geometry type,Yes,Computes a single bounding box that encloses all input geometries. (same thing) Legacy alias (extra underscore) for PostGIS < 2.1 clients.,Shim,,,Quickly guess the giant bounding box for this entire table without scanning every row.,31
"ST_SimplifyPreserveTopology(p_geom geometry, p_tolerance double precision)",Section 1: CreateGeometryType.sql - Define the geometry type,Yes,Shim. Delegates to `ST_Simplify` (true topology preservation requires GEOS).,Shim,,,Make this shape smaller without accidentally making lines cross each other.,32
"geometry_distance(a geometry, b geometry)",Section 1: CreateGeometryType.sql - Define the geometry type,No (operator backing fn),"Given two geometries, it returns one number. Backing function for `<->`.",Internal Helper,,,Calculates the distance between the center points of two shapes.,33
"<-> (OPERATOR: geometry, geometry)",Section 1: CreateGeometryType.sql - Define the geometry type,Yes,Centroid-to-centroid distance. Used by GeoServer for ORDER BY geom <-> point KNN sorting.,"Supported, but slow","PostGIS calculates true shortest distance between the actual borders of complex shapes and uses GiST indexes for O(1) KNN searches. YB: calculates distance between centroids only, and forces O(N) full table scans.",we need C library; and R tree for KNN performance,"Find the shortest distance between these two shapes (used for finding the ""nearest"" things).",34
box2d (TYPE),Section 1: CreateGeometryType.sql - Define the geometry type,Yes,"Bounding box type `(xmin, ymin, xmax, ymax)`.",Supported,,,A simple 2D bounding box (a rectangle defined by its bottom-left and top-right corners).,35
lm__geometry_to_box2d(p_geom geometry),Section 1: CreateGeometryType.sql - Define the geometry type,No (internal helper),Takes geometry and make it bounding box,Internal Helper,,,Draws a rectangular bounding box around a flat shape.,36
lm__box2d_to_geometry(p_box box2d),Section 1: CreateGeometryType.sql - Define the geometry type,No (internal helper),Takes bounding box make it geometry,Internal Helper,,,Turns a rectangular bounding box back into a standard shape.,37
CAST (geometry AS box2d),Section 1: CreateGeometryType.sql - Define the geometry type,No (YB infrastructure),Implicit cast between types,NA,,,"Convert data from one format to another (e.g., Geometry to Geography).",38
CAST (box2d AS geometry),Section 1: CreateGeometryType.sql - Define the geometry type,No (YB infrastructure),Implicit cast between types,NA,,,"Convert data from one format to another (e.g., Geometry to Geography).",39
"box2d_distance(a box2d, b box2d)",Section 1: CreateGeometryType.sql - Define the geometry type,No (operator backing fn),Minimum distance between two bounding boxes. Zero if they overlap.,Internal Helper,,,Calculates the shortest distance between two rectangular bounding boxes.,40
"<-> (OPERATOR: box2d, box2d)",Section 1: CreateGeometryType.sql - Define the geometry type,Yes,Minimum bbox distance. Uses box2d_distance.,"Supported, but slow","PostGIS calculates true shortest distance between the actual borders of complex shapes and uses GiST indexes for O(1) KNN searches. YB: calculates distance between centroids only, and forces O(N) full table scans.","without R Tree, we need to do a full table scan and filter things out","Find the shortest distance between these two shapes (used for finding the ""nearest"" things).",41
lm__twkb_uvarint(val bigint),Section 1: CreateGeometryType.sql - Define the geometry type,No (internal helper),"Encodes an unsigned integer as a protobuf-style variable-length integer.

lm__twkb_uvarint(5)     →  '\x05'::bytea          (1 byte)
lm__twkb_uvarint(300)   →  '\xac02'::bytea        (2 bytes)",Internal Helper,,,Compresses a positive number into a tiny byte format for fast map rendering.,42
lm__twkb_svarint(val bigint),Section 1: CreateGeometryType.sql - Define the geometry type,No (internal helper),"Zigzag-encodes a signed integer, then varint-encodes it. 


lm__twkb_svarint(1)     →  '\x02'::bytea          (1 byte)   -- zigzag: 1→2, then varint
lm__twkb_svarint(-1)    →  '\x01'::bytea          (1 byte)   -- zigzag: -1→1, then varint
lm__twkb_svarint(-50)   →  '\x63'::bytea          (1 byte)   -- zigzag: -50→99, then varint",Internal Helper,,,Compresses a positive or negative number into a tiny byte format.,43
"ST_AsTWKB(p_geom geometry, p_prec integer)",Section 1: CreateGeometryType.sql - Define the geometry type,Yes,Tiny WKB. Delta-compressed coordinates with protobuf-style varint encoding. Much smaller than WKB.,Partial,"PostGIS encodes all OGC types with precision control and bbox/size/idlist options. YB: Point/LineString/Polygon only, no multi-geometry, no bbox/size/idlist metadata.",,Compress this shape into tiny raw bytes (TWKB) for extremely fast map rendering.,44
geography (TYPE),Section 3: CreateGeographyType.sql - Define the geography type,Yes,Identical structure to `geometry`. Signals that distance functions should return meters instead of degrees.,Partial,"PostGIS geography supports 2D/3D/4D (Z/M), MultiPoint/MultiLineString/MultiPolygon/GeometryCollection, polygons with holes, embedded SRID. YB: 2D only, single simple polygon, no holes, no SRID field.",,The round-Earth shape. Tells functions to use curved math.,45
lm__geometry_to_geography(p_geom geometry),Section 3: CreateGeographyType.sql - Define the geography type,No (internal helper),Internal helper function,Internal Helper,,,Takes a flat shape and tags it so the database treats it as a round-Earth shape.,46
lm__geography_to_geometry(p_geog geography),Section 3: CreateGeographyType.sql - Define the geography type,No (internal helper),Internal helper function,Internal Helper,,,Takes a round-Earth shape and strips its tag so it is treated as a flat shape.,47
CAST (geometry AS geography),Section 3: CreateGeographyType.sql - Define the geography type,No (YB infrastructure),Implicit cast between types,NA,,,"Convert data from one format to another (e.g., Geometry to Geography).",48
CAST (geography AS geometry),Section 3: CreateGeographyType.sql - Define the geography type,No (YB infrastructure),Implicit cast between types,NA,,,"Convert data from one format to another (e.g., Geometry to Geography).",49
"ST_MakePoint_Geog(p_lon double precision, p_lat double precision)",Section 3: CreateGeographyType.sql - Define the geography type,No (YB custom),Geography constructors.,N/A (YB Custom),,,Draw a dot at this exact coordinate on the globe.,50
"ST_MakePolygon_Geog(p_lon double precision[], p_lat double precision[])",Section 3: CreateGeographyType.sql - Define the geography type,No (YB custom),Geography constructors.,N/A (YB Custom),,,Draw a shape using this list of connected coordinates on the globe.,51
"ST_MakeEnvelope_Geog(p_lon_min double precision, p_lat_min double precision, p_lon_max double precision, p_lat_max double precision)",Section 3: CreateGeographyType.sql - Define the geography type,No (YB custom),Geography constructors.,N/A (YB Custom),,,Draw a rectangle using these minimum and maximum coordinates on the globe.,52
ST_SRID(p_geog geography),Section 3: CreateGeographyType.sql - Define the geography type,Yes,Always returns 4326.,Stub,,,"What coordinate system (e.g., GPS WGS84) is this shape using?",53
"ST_SetSRID(p_geog geography, p_srid integer)",Section 3: CreateGeographyType.sql - Define the geography type,Yes,Returns the geometry unchanged.,Stub,,,Change the metadata tag to say this shape uses a different coordinate system.,54
"lm__haversine_distance(p_lon1 double precision, p_lat1 double precision, p_lon2 double precision, p_lat2 double precision)",Section 3: CreateGeographyType.sql - Define the geography type,No (internal helper),"Great-circle distance in meters on a perfect sphere (R = 6,371,000 m). Basically get the curved distance on earth from 2 points.",Internal Helper,,,Calculates the shortest distance between two points over a perfectly round Earth.,55
"lm__vincenty_distance(p_lon1 double precision, p_lat1 double precision, p_lon2 double precision, p_lat2 double precision)",Section 3: CreateGeographyType.sql - Define the geography type,No (internal helper),Geodesic distance in meters on the WGS84 ellipsoid. Iterative Vincenty formula. Sub-millimeter accuracy. Falls back to Haversine for near-antipodal points.,Internal Helper,,,"Calculates the highly exact, surveyor-grade distance between two points on the Earth.",56
"ST_Distance(p_a geography, p_b geography)",Section 3: CreateGeographyType.sql - Define the geography type,Yes,Haversine great-circle distance in meters. Same thing as above but different type,Partial,"PostGIS geography ST_Distance handles all geometry types (polygon-to-polygon, line-to-polygon, etc.) using geodesic calculation on spheroid (GeographicLib). YB: point-to-point only, Haversine on sphere (2-arg) or Vincenty on ellipsoid (3-arg).

it picks only the first entry of the shape and calculate the point only",,What is the shortest straight-line distance between shape A and shape B?,57
"ST_Distance(p_a geography, p_b geography, p_use_spheroid boolean)",Section 3: CreateGeographyType.sql - Define the geography type,Yes,Haversine great-circle distance in meters. Same thing as above but different type,Partial,"PostGIS geography ST_Distance handles all geometry types (polygon-to-polygon, line-to-polygon, etc.) using geodesic calculation on spheroid (GeographicLib). YB: point-to-point only, Haversine on sphere (2-arg) or Vincenty on ellipsoid (3-arg).

it picks only the first entry of the shape and calculate the point only",,What is the shortest straight-line distance between shape A and shape B?,58
"ST_DWithin(p_a geography, p_b geography, p_distance double precision)",Section 3: CreateGeographyType.sql - Define the geography type,Yes,Within-distance test in meters. Haversine or Vincenty. Basically same thing but try to see if the distance from 2 points is smaller than params,Partial,"PostGIS geography ST_DWithin handles all geometry types with spatial index support; uses spheroid by default. YB: point-to-point only.

it picks only the first entry of the shape and calculate the point only",,Are these two shapes within X miles of each other?,59
"ST_DWithin(p_a geography, p_b geography, p_distance double precision, p_use_spheroid boolean)",Section 3: CreateGeographyType.sql - Define the geography type,Yes,"Within-distance test in meters. Haversine or Vincenty (get distance from 2 geo, Vincently is more accruate). Basically same thing but try to see if the distance from 2 points is smaller than params",Partial,"PostGIS geography ST_DWithin handles all geometry types with spatial index support; uses spheroid by default. YB: point-to-point only.

it picks only the first entry of the shape and calculate the point only",,Are these two shapes within X miles of each other?,60
"ST_DistanceSphere(p_a geography, p_b geography)",Section 3: CreateGeographyType.sql - Define the geography type,Yes,Haversine / Vincenty distance in meters.,Partial,"PostGIS supports all geometry types (since 1.5), not just points. YB: point-to-point only.",,What is the shortest distance between A and B curving along the Earth?,61
"ST_DistanceSpheroid(p_a geography, p_b geography)",Section 3: CreateGeographyType.sql - Define the geography type,Yes,Haversine / Vincenty distance in meters.,Partial,"PostGIS supports all geometry types (since 1.5), not just points. YB: point-to-point only.",,What is the exact surveyor-grade distance between A and B on the Earth?,62
"ST_DistanceSpheroid(p_a geometry, p_b geometry)",Section 3: CreateGeographyType.sql - Define the geography type,Yes,Haversine / Vincenty distance in meters.,Partial,"PostGIS supports all geometry types (since 1.5), not just points. YB: point-to-point only.",,What is the exact surveyor-grade distance between A and B on the Earth?,63
ST_Length(p_geog geography),Section 3: CreateGeographyType.sql - Define the geography type,Yes,"""How long is this line?""",Partial,"PostGIS geography ST_Length uses inverse geodesic on spheroid (GeographicLib); has use_spheroid param. YB: Haversine segment sums on sphere, no use_spheroid param.",,"If I walked from the start of this line to the end, how far is it?",64
ST_Perimeter(p_geog geography),Section 3: CreateGeographyType.sql - Define the geography type,Yes,"""How long is the border of this polygon?""",Partial,"PostGIS geography ST_Perimeter uses inverse geodesic on spheroid (GeographicLib); has use_spheroid param. YB: Haversine segment sums on sphere, no use_spheroid param.",Possible with C + library,How long is the outer fence around this shape?,65
ST_Area(p_geog geography),Section 3: CreateGeographyType.sql - Define the geography type,Yes,"""How big is this polygon?"" via L'Huilier's theorem (square meters).",Partial,"PostGIS geography ST_Area uses spheroidal calculation via GeographicLib; has use_spheroid param. YB: L'Huilier's theorem on sphere (R=6371km), no use_spheroid param.",Possible with C + library,How big is the inside of this shape?,66
"ST_Intersects(p_a geography, p_b geography)",Section 3: CreateGeographyType.sql - Define the geography type,Yes,Delegate to geometry versions after casting.,Shim,"PostGIS performs exact spherical intersection math. YB: casts to geometry and uses flat 2D math, which is inaccurate for large geographic areas.",,"Do these two shapes touch, cross, or overlap each other in any way?",67
"ST_Contains(p_a geography, p_b geography)",Section 3: CreateGeographyType.sql - Define the geography type,Yes,Delegate to geometry versions after casting.,Shim,"PostGIS performs exact spherical containment math. YB: casts to geometry and uses flat 2D math, which is inaccurate for large geographic areas.",,Is shape B completely swallowed up inside shape A?,68
"ST_Within(p_a geography, p_b geography)",Section 3: CreateGeographyType.sql - Define the geography type,Yes,Delegate to geometry versions after casting.,Shim,"PostGIS performs exact spherical containment math. YB: casts to geometry and uses flat 2D math, which is inaccurate for large geographic areas.",,Is shape A completely swallowed up inside shape B?,69
ST_Envelope(p_geog geography),Section 3: CreateGeographyType.sql - Define the geography type,Yes,"Delegate to geometry, return geography.",Shim,PostGIS computes the bounding box on the sphere. YB: casts to geometry and computes a flat 2D bounding box.,,Give me the rectangular bounding box for this specific shape.,70
ST_Centroid(p_geog geography),Section 3: CreateGeographyType.sql - Define the geography type,Yes,"Delegate to geometry, return geography.",Shim,"PostGIS computes the true center of mass on the sphere. YB: casts to geometry and computes a flat 2D centroid, which is inaccurate for large shapes.",,Where is the exact center of gravity (the dead middle) of this shape?,71
ST_X(p_geog geography),Section 3: CreateGeographyType.sql - Define the geography type,Yes,"Geography accessors. Return X, Y, how many vertices, and isEmpty.",partial,PostGIS throws an error if input is not a Point. YB: ignores shape type and blindly returns the first coordinate in the array.,"Possible, by building a C-extension geography type. A GSERIALIZED type includes a header byte identifying the shape, allowing strict type validation before execution.",Get the Longitude (East/West) coordinate of this point.,72
ST_Y(p_geog geography),Section 3: CreateGeographyType.sql - Define the geography type,Yes,"Geography accessors. Return X, Y, how many vertices, and isEmpty.",partial,PostGIS throws an error if input is not a Point. YB: ignores shape type and blindly returns the first coordinate in the array.,"Possible, by building a C-extension geography type. A GSERIALIZED type includes a header byte identifying the shape, allowing strict type validation before execution.",Get the Latitude (North/South) coordinate of this point.,73
ST_NPoints(p_geog geography),Section 3: CreateGeographyType.sql - Define the geography type,Yes,"Geography accessors. Return X, Y, how many vertices, and isEmpty.",partial,"PostGIS correctly counts all vertices across complex shapes (e.g., a MultiPolygon with 5 islands). YB: can only count the single array provided.","Possible, by building a C-extension geography type. A proper struct explicitly tracks the number of points across all parts (rings, sub-geometries) of a complex shape.",How many total coordinates make up this shape?,74
ST_IsEmpty(p_geog geography),Section 3: CreateGeographyType.sql - Define the geography type,Yes,"Geography accessors. Return X, Y, how many vertices, and isEmpty.",partial,"PostGIS explicitly flags an empty geometry in the GSERIALIZED header (differentiating an empty Point from an empty Polygon). YB: checks if array length is 0, so all empty shapes are indistinguishable.","Possible, by building a C-extension geography type. A proper struct explicitly flags emptiness in the metadata header while preserving the shape's original identity.",Does this shape have zero coordinates?,75
ST_AsText(p_geog geography),Section 3: CreateGeographyType.sql - Define the geography type,Yes,Geography output — delegate to geometry versions.,Shim,,,"Convert this shape into readable text, like ""POINT(-111 40)"".",76
ST_AsGeoJSON(p_geog geography),Section 3: CreateGeographyType.sql - Define the geography type,Yes,Geography output — delegate to geometry versions.,Shim,,,Convert this shape into JSON format for web maps.,77
ST_AsBinary(p_geog geography),Section 3: CreateGeographyType.sql - Define the geography type,Yes,Geography output — delegate to geometry versions.,Shim,,,Convert this shape into raw bytes (WKB) for software like GeoServer to read.,78
GeometryType(p_geog geography),Section 3: CreateGeographyType.sql - Define the geography type,Yes,Geography type detection — delegate to geometry versions.,Shim,,,"Tell me if this is a Point, Line, or Polygon.",79
ST_GeometryType(p_geog geography),Section 3: CreateGeographyType.sql - Define the geography type,Yes,Geography type detection — delegate to geometry versions.,Shim,,,"Tell me if this is a Point, Line, or Polygon.",80
ST_GeogFromText(p_wkt text),Section 3: CreateGeographyType.sql - Define the geography type,Yes,"Parse WKT/GeoJSON returning geography. returns 'POINT', 'POLYGON', / 'ST_Point', 'ST_Polygon' etc.,",Shim,,,Read a text string and turn it into a round-Earth Geography shape.,81
ST_GeogFromGeoJSON(p_json text),Section 3: CreateGeographyType.sql - Define the geography type,Yes,"Parse WKT/GeoJSON returning geography. returns 'POINT', 'POLYGON', / 'ST_Point', 'ST_Polygon' etc.,",Shim,,,Read a JSON object and turn it into a round-Earth Geography shape.,82
"geography_overlaps_bbox(a geography, b geography)",Section 3: CreateGeographyType.sql - Define the geography type,No (operator backing fn),"check overlap, bool",Internal Helper,,,Checks if the rectangular boundaries of two round-Earth shapes overlap.,83
"&& (OPERATOR: geography, geography)",Section 3: CreateGeographyType.sql - Define the geography type,Yes,"check overlap, bool, use geography_overlaps_bbox above",Shim,"PostGIS computes true spherical bounding boxes for geography. YB: casts to geometry and uses flat 2D bounding boxes, which fails across the antimeridian or poles",,Do the rectangular bounding boxes of these two shapes overlap?,84
"lm__st_extent_geog_transfn(state geography, val geography)",Section 3: CreateGeographyType.sql - Define the geography type,No (internal helper),Computes a single bounding box that encloses all input geometries.,Internal Helper,,,Helper that expands a round-Earth bounding box to include a new shape.,85
ST_Extent(geography) (AGGREGATE),Section 3: CreateGeographyType.sql - Define the geography type,Yes,Computes a single bounding box that encloses all input geometries. (uses the lm__st_extent_transfn above),shim,"PostGIS computes true spherical bounding boxes for geography. YB: casts to geometry and uses flat 2D min/max coordinate math, which creates invalid bounding boxes across the antimeridian or poles.",,Draw one giant bounding box that encloses every single shape in this entire database table.,86
"ST_Project(p_geog geography, p_distance double precision, p_azimuth double precision)",Section 3: CreateGeographyType.sql - Define the geography type,Yes,"Forward geodesic projection using Vincenty direct formula on WGS84. ""If I stand exactly here, face this specific direction, and walk exactly X meters forward, where will I be?""",Partial,"PostGIS geography ST_Project uses GeographicLib for geodesic projection; supports 2-point azimuth form. YB: Vincenty direct on WGS84, no 2-point form.",,"If I start here, face a specific direction, and walk 500 feet, where do I end up?",87
ST_AsEWKB(p_geog geography),Section 3: CreateGeographyType.sql - Define the geography type,Yes,Extended WKB. Same as `ST_AsBinary` but embeds SRID 4326 into the byte header. TBD,Shim,,,"Convert this shape into raw bytes, and include the SRID tag.",88
ST_Force2D(p_geog geography),Section 3: CreateGeographyType.sql - Define the geography type,Yes,"Identity. Always 2D. (stub) ""Take this shape and throw away its altitude (Z) and routing measure (M) so it is perfectly flat on the ground.""",Stub,,,Throw away the altitude (Z) and measure (M) data to make the shape perfectly flat.,89
ST_Force_2D(p_geog geography),Section 3: CreateGeographyType.sql - Define the geography type,Yes,Identity. Always 2D. (stub),Stub,,,Throw away the altitude (Z) and measure (M) data to make the shape perfectly flat.,90
ST_NDims(p_geog geography),Section 3: CreateGeographyType.sql - Define the geography type,Yes,Always returns 2. (stub),Stub,,,"Does this shape have 2, 3, or 4 dimensions?",91
"ST_Transform(p_geog geography, p_srid integer)",Section 3: CreateGeographyType.sql - Define the geography type,Yes,Returns the geometry unchanged. In real PostGIS this reprojects coordinates.,Stub,,,"Reproject these coordinates from one system (e.g., GPS) to another (e.g., Web Mercator).",92
"ST_GeogFromText(p_wkt text, p_srid integer)",Section 3: CreateGeographyType.sql - Define the geography type,Yes,"Parse WKT/GeoJSON returning geography. returns 'POINT', 'POLYGON', / 'ST_Point', 'ST_Polygon' etc.,",Shim,,,Read a text string and turn it into a round-Earth Geography shape.,93
"geography_distance(a geography, b geography)",Section 3: CreateGeographyType.sql - Define the geography type,No (operator backing fn),,Internal Helper,it only use the first point of the array,,Calculates the straight-line distance between the center points of two round-Earth shapes.,94
"<-> (OPERATOR: geography, geography)",Section 3: CreateGeographyType.sql - Define the geography type,Yes,Great-circle distance for KNN sorting. Uses geography_distance (Haversine).,Partial,it only use the first point of the array,,"Find the shortest distance between these two shapes (used for finding the ""nearest"" things).",95
lm__geography_to_box2d(p_geog geography),Section 3: CreateGeographyType.sql - Define the geography type,No (internal helper),Internal helper function,Internal Helper,"PostGIS computes true spherical bounding boxes for geography. YB: casts to geometry and uses flat 2D min/max coordinate math, which creates invalid bounding boxes across the antimeridian or poles.","Possible by Adding C library (GEOS, PROJ, GDAL..etc)",Draws a rectangular bounding box around a round-Earth shape.,96
CAST (geography AS box2d),Section 3: CreateGeographyType.sql - Define the geography type,No (YB infrastructure),Implicit cast between types,Shim,"PostGIS computes true spherical bounding boxes for geography. YB: casts to geometry and uses flat 2D min/max coordinate math, which creates invalid bounding boxes across the antimeridian or poles.","Possible by Adding C library (GEOS, PROJ, GDAL..etc)","Convert data from one format to another (e.g., Geometry to Geography).",97
"ST_SimplifyPreserveTopology(p_geog geography, p_tolerance double precision)",Section 3: CreateGeographyType.sql - Define the geography type,Yes,Shim. Delegates to `ST_Simplify` (true topology preservation requires GEOS).,Shim,"PostGIS uses GEOS for true topology-preserving simplification on the sphere. YB: casts to geometry and uses flat 2D math, which is inaccurate for large geographic areas.","Possible by Adding C library (GEOS, PROJ, GDAL..etc)",Make this shape smaller without accidentally making lines cross each other.,98
"ST_Simplify(p_geog geography, p_tolerance double precision)",Section 3: CreateGeographyType.sql - Define the geography type,Yes,Geography shim — delegates to geometry ST_Simplify.,Shim,"PostGIS computes simplification along the sphere. YB: casts to geometry and uses flat 2D math, which is inaccurate for large geographic areas.","Possible by Adding C library (GEOS, PROJ, GDAL..etc)",Remove unnecessary zig-zags from this shape to make it smoother and smaller.,99
"ST_Buffer(p_geog geography, p_distance_m double precision, p_segments integer DEFAULT 8)",Section 3: CreateGeographyType.sql - Define the geography type,Yes,Point: generates circular polygon. Polygon: offsets vertices along bisector normals. Approximate.,Shim,"PostGIS dynamically buffers along the curvature of the Earth. YB: calculates a degree-offset and casts to geometry using flat 2D math, resulting in distorted ovals on the globe.","Possible by Adding C library (GEOS, PROJ, GDAL..etc)",Draw a border exactly 5 miles outward around this entire shape.,100
"ST_Crosses(p_a geography, p_b geography)",Section 3: CreateGeographyType.sql - Define the geography type,Yes,True if geometries have partial interior intersection at lower dimensions.,Shim,"PostGIS computes this using true spherical/ellipsoidal math via GEOS. YB: casts to geometry and uses flat 2D math, which is inaccurate for large geographic areas.","Possible by Adding C library (GEOS, PROJ, GDAL..etc)",Does this line slice completely through this polygon?,101
"ST_Overlaps(p_a geography, p_b geography)",Section 3: CreateGeographyType.sql - Define the geography type,Yes,True if same-dimension geometries partially overlap and neither contains the other.,Shim,"PostGIS computes this using true spherical/ellipsoidal math via GEOS. YB: casts to geometry and uses flat 2D math, which is inaccurate for large geographic areas.","Possible by Adding C library (GEOS, PROJ, GDAL..etc)",Do these two polygons partially cover each other like a Venn diagram?,102
"ST_Touches(p_a geography, p_b geography)",Section 3: CreateGeographyType.sql - Define the geography type,Yes,True if boundaries contact but interiors do not overlap.,Shim,"PostGIS computes this using true spherical/ellipsoidal math via GEOS. YB: casts to geometry and uses flat 2D math, which is inaccurate for large geographic areas.","Possible by Adding C library (GEOS, PROJ, GDAL..etc)",Do the borders of these two shapes touch without overlapping?,103
"ST_Equals(p_a geography, p_b geography)",Section 3: CreateGeographyType.sql - Define the geography type,Yes,Topological equality. For polygons: mutual containment. For lines/points: same vertices in any order.,Shim,"PostGIS computes this using true spherical/ellipsoidal math via GEOS. YB: casts to geometry and uses flat 2D math, which is inaccurate for large geographic areas.","Possible by Adding C library (GEOS, PROJ, GDAL..etc)",Are these two shapes physically identical in space?,104
"ST_Disjoint(p_a geography, p_b geography)",Section 3: CreateGeographyType.sql - Define the geography type,Yes,"""Are they completely separate?""",Shim,"PostGIS computes this using true spherical/ellipsoidal math via GEOS. YB: casts to geometry and uses flat 2D math, which is inaccurate for large geographic areas.","Possible by Adding C library (GEOS, PROJ, GDAL..etc)",Are these two shapes completely separate (not touching at all)?,105
"geohash_encode(p_lat double precision, p_lon double precision, p_precision integer DEFAULT 10)",Section 4: GeohashFunctions.sql - Define the geohash functions,No (YB custom),Encodes coordinates to a geohash string (default precision 10).,N/A (YB Custom),,,"Convert this Latitude/Longitude into a short string (e.g., ""9x0qs"").",106
"geohash_adjacent(p_hash text, p_dir text)",Section 4: GeohashFunctions.sql - Define the geohash functions,No (YB custom),Returns the neighboring geohash cell in direction `n`/`s`/`e`/`w`.,N/A (YB Custom),,,What is the Geohash string for the square immediately North/South/East/West of this one?,107
geohash_neighbors(p_hash text),Section 4: GeohashFunctions.sql - Define the geohash functions,No (YB custom),Returns all 8 surrounding cells as JSONB.,N/A (YB Custom),,,Give me the Geohash strings for all 8 squares surrounding this one.,108
geohash_precision_for_miles(p_miles double precision),Section 4: GeohashFunctions.sql - Define the geohash functions,No (YB custom),Returns the highest geohash precision whose cell height fits the given radius.,N/A (YB Custom),,,What size Geohash square do I need to cover a 5-mile area?,109
geohash_cell_height_miles(p_precision integer),Section 4: GeohashFunctions.sql - Define the geohash functions,No (YB custom),Returns cell height in miles for precision 1-10.,N/A (YB Custom),,,How many miles tall is a Geohash square of this precision?,110
"geohash_move(p_hash text, p_dir text, p_steps integer)",Section 4: GeohashFunctions.sql - Define the geohash functions,No (YB custom),Moves N steps in a cardinal direction.,N/A (YB Custom),,,What is the Geohash string if I move 5 squares North?,111
"geohash_in_list_within_miles(p_source_geohash text, p_miles double precision )",Section 4: GeohashFunctions.sql - Define the geohash functions,No (YB custom),Generates a SQL IN-clause string of all geohash cells covering a given radius.,N/A (YB Custom),,,Give me a massive list of all the Geohash squares that cover this 5-mile circle.,112
"geohash_in_list_within_miles_dir(p_source_geohash text, p_miles double precision, p_dirs text[] )",Section 4: GeohashFunctions.sql - Define the geohash functions,No (YB custom),Directional version — only expands in specified directions.,N/A (YB Custom),,,Give me a list of all Geohash squares 5 miles North of here.,113
geohash_decode_bbox(p_geohash text),Section 4: GeohashFunctions.sql - Define the geohash functions,No (YB custom),"Decodes a geohash to its bounding box `(lat_min, lat_max, lon_min, lon_max)`.",N/A (YB Custom),,,Give me the exact Lat/Lon corners of this Geohash square.,114
geohash_decode_bbox_geom(p_geohash text),Section 4: GeohashFunctions.sql - Define the geohash functions,No (YB custom),"Same, but returns the bbox as a polygon geometry.",N/A (YB Custom),,,Draw a rectangle shape representing this Geohash square.,115
geohash_cell_center(p_geohash text),Section 4: GeohashFunctions.sql - Define the geohash functions,No (YB custom),Returns the center point of a geohash cell.,N/A (YB Custom),,,Give me the exact Lat/Lon of the dead center of this Geohash square.,116
geohash_cell_center_geom(p_geohash text),Section 4: GeohashFunctions.sql - Define the geohash functions,No (YB custom),Returns the center point of a geohash cell.,N/A (YB Custom),,,Draw a Point shape at the dead center of this Geohash square.,117
"point_in_polygon(p_lon double precision, p_lat double precision, p_poly_lon double precision[], p_poly_lat double precision[])",Section 4: GeohashFunctions.sql - Define the geohash functions,No (YB custom),Ray-casting algorithm. Custom YB function (not in PostGIS).,N/A (YB Custom),,,Shoot a math ray to see if this dot is inside this shape borders.,118
"point_in_polygon(p_point geometry, p_polygon geometry)",Section 4: GeohashFunctions.sql - Define the geohash functions,No (YB custom),Ray-casting algorithm. Custom YB function (not in PostGIS).,N/A (YB Custom),,,Shoot a math ray to see if this dot is inside this shape borders.,119
ST_XMin(p_lon double precision[]),Section 5: GeometryFunctions.sql - Define the geometry functions,Yes,Minimum longitude.,Supported,,,What is the furthest West this shape goes?,120
ST_XMin(p_geom geometry),Section 5: GeometryFunctions.sql - Define the geometry functions,Yes,Minimum longitude.,Supported,,,What is the furthest West this shape goes?,121
ST_XMax(p_lon double precision[]),Section 5: GeometryFunctions.sql - Define the geometry functions,Yes,Maximum longitude.,Supported,,,What is the furthest East this shape goes?,122
ST_XMax(p_geom geometry),Section 5: GeometryFunctions.sql - Define the geometry functions,Yes,Maximum longitude.,Supported,,,What is the furthest East this shape goes?,123
ST_YMin(p_lat double precision[]),Section 5: GeometryFunctions.sql - Define the geometry functions,Yes,Minimum latitude.,Supported,,,What is the furthest South this shape goes?,124
ST_YMin(p_geom geometry),Section 5: GeometryFunctions.sql - Define the geometry functions,Yes,Minimum latitude.,Supported,,,What is the furthest South this shape goes?,125
ST_YMax(p_lat double precision[]),Section 5: GeometryFunctions.sql - Define the geometry functions,Yes,Maximum latitude.,Supported,,,What is the furthest North this shape goes?,126
ST_YMax(p_geom geometry),Section 5: GeometryFunctions.sql - Define the geometry functions,Yes,Maximum latitude.,Supported,,,What is the furthest North this shape goes?,127
"ST_Translate(p_lon double precision[], p_lat double precision[], p_dx double precision, p_dy double precision)",Section 5: GeometryFunctions.sql - Define the geometry functions,Yes,"Shifts all vertices by (dx, dy). Array overload returns TABLE.",Supported,,,Shift this entire shape 5 miles North and 2 miles East.,128
"ST_Translate(p_geom geometry, p_dx double precision, p_dy double precision)",Section 5: GeometryFunctions.sql - Define the geometry functions,Yes,"Shifts all vertices by (dx, dy). Array overload returns TABLE.",Supported,,,Shift this entire shape 5 miles North and 2 miles East.,129
"lm__on_segment(sx1 double precision, sy1 double precision, sx2 double precision, sy2 double precision, px double precision, py double precision)",Section 5: GeometryFunctions.sql - Define the geometry functions,No (internal helper),Segment intersection helpers using orientation / cross-product method.,Internal Helper,,,Checks if a specific point sits exactly on top of a line segment.,130
"lm__segments_cross(ax1 double precision, ay1 double precision, ax2 double precision, ay2 double precision, bx1 double precision, by1 double precision, bx2 double precision, by2 double precision)",Section 5: GeometryFunctions.sql - Define the geometry functions,No (internal helper),Segment intersection helpers using orientation / cross-product method.,Internal Helper,,,Checks if two line segments cross each other like an X.,131
"ST_Intersects(p_lon_a double precision[], p_lat_a double precision[], p_lon_b double precision[], p_lat_b double precision[])",Section 5: GeometryFunctions.sql - Define the geometry functions,Yes,True if A and B share any space. Tests vertex containment + edge crossing.,Partial,"PostGIS uses GEOS DE-9IM with spatial index support; handles all geometry types. YB: simple polygons only, no multi-geometry, no holes, uses vertex-containment + edge-crossing.",posible to fix the flat earth thing by adding library but Geohash is hard to work on non-point data,"Do these two shapes touch, cross, or overlap each other in any way?",132
"ST_Intersects(p_a geometry, p_b geometry)",Section 5: GeometryFunctions.sql - Define the geometry functions,Yes,True if A and B share any space. Tests vertex containment + edge crossing.,Partial,"PostGIS uses GEOS DE-9IM with spatial index support; handles all geometry types. YB: simple polygons only, no multi-geometry, no holes, uses vertex-containment + edge-crossing.",posible to fix the flat earth thing by adding library but Geohash is hard to work on non-point data,"Do these two shapes touch, cross, or overlap each other in any way?",133
"ST_Contains(p_lon_a double precision[], p_lat_a double precision[], p_lon_b double precision[], p_lat_b double precision[])",Section 5: GeometryFunctions.sql - Define the geometry functions,Yes,True if A completely contains B and their interiors share at least one point.,Partial,"PostGIS uses GEOS DE-9IM; handles all geometry types including Multi*, holes, and mixed dimensions. YB: simple polygons only, no multi-geometry, no holes, uses ray-casting + edge check.",posible to fix the flat earth thing by adding library but Geohash is hard to work on non-point data,Is shape B completely swallowed up inside shape A?,134
"ST_Contains(p_a geometry, p_b geometry)",Section 5: GeometryFunctions.sql - Define the geometry functions,Yes,True if A completely contains B and their interiors share at least one point.,Partial,"PostGIS uses GEOS DE-9IM; handles all geometry types including Multi*, holes, and mixed dimensions. YB: simple polygons only, no multi-geometry, no holes, uses ray-casting + edge check.",posible to fix the flat earth thing by adding library but Geohash is hard to work on non-point data,Is shape B completely swallowed up inside shape A?,135
ST_X(p_geom geometry),Section 6: Tier1_GeometryFunctions.sql - Define the tier 1 geometry functions,Yes,Returns longitude / latitude of a point (first vertex).,Supported in 2D,,,Get the Longitude (East/West) coordinate of this point.,136
ST_Y(p_geom geometry),Section 6: Tier1_GeometryFunctions.sql - Define the tier 1 geometry functions,Yes,Returns longitude / latitude of a point (first vertex).,Supported in 2D,,,Get the Latitude (North/South) coordinate of this point.,137
ST_NPoints(p_geom geometry),Section 6: Tier1_GeometryFunctions.sql - Define the tier 1 geometry functions,Yes,Returns number of vertices.,Supported in 2D,,,How many total coordinates make up this shape?,138
GeometryType(p_geom geometry),Section 6: Tier1_GeometryFunctions.sql - Define the tier 1 geometry functions,Yes,"Returns 'POINT', 'LINESTRING', 'POLYGON', or 'EMPTY'.",Supported in 2D,,,"Tell me if this is a Point, Line, or Polygon.",139
ST_GeometryType(p_geom geometry),Section 6: Tier1_GeometryFunctions.sql - Define the tier 1 geometry functions,Yes,"Returns 'ST_Point', 'ST_LineString', or 'ST_Polygon'.",Supported in 2D,,,"Tell me if this is a Point, Line, or Polygon.",140
ST_StartPoint(p_geom geometry),Section 6: Tier1_GeometryFunctions.sql - Define the tier 1 geometry functions,Yes,First / last vertex as a point geometry.,Supported in 2D,,,What is the very first coordinate of this line?,141
ST_EndPoint(p_geom geometry),Section 6: Tier1_GeometryFunctions.sql - Define the tier 1 geometry functions,Yes,First / last vertex as a point geometry.,Supported in 2D,,,What is the very last coordinate of this line?,142
"ST_PointN(p_geom geometry, p_n integer)",Section 6: Tier1_GeometryFunctions.sql - Define the tier 1 geometry functions,Yes,Nth vertex (1-based) as a point.,Supported in 2D,,,What is the 5th coordinate of this line?,143
ST_IsClosed(p_geom geometry),Section 6: Tier1_GeometryFunctions.sql - Define the tier 1 geometry functions,Yes,True if first vertex equals last vertex.,Supported in 2D,,,Does the start of this line perfectly connect back to the end of the line?,144
ST_IsEmpty(p_geom geometry),Section 6: Tier1_GeometryFunctions.sql - Define the tier 1 geometry functions,Yes,True if no vertices.,Supported in 2D,,,Does this shape have zero coordinates?,145
ST_Envelope(p_geom geometry),Section 6: Tier1_GeometryFunctions.sql - Define the tier 1 geometry functions,Yes,Returns the bounding box (2d) as a polygon geometry.,Supported in 2D,,,Give me the rectangular bounding box for this specific shape.,146
"ST_MakeLine(p_a geometry, p_b geometry)",Section 6: Tier1_GeometryFunctions.sql - Define the tier 1 geometry functions,Yes,Creates a linestring from two points or an array of points. (might not be a straight line),Supported in 2D,,,Connect these points together to draw a line.,147
ST_MakeLine(p_points geometry[]),Section 6: Tier1_GeometryFunctions.sql - Define the tier 1 geometry functions,Yes,Creates a linestring from two points or an array of points. (might not be a straight line),Supported in 2D,,,Connect these points together to draw a line.,148
ST_Reverse(p_geom geometry),Section 6: Tier1_GeometryFunctions.sql - Define the tier 1 geometry functions,Yes,Reverses vertex order.,Supported in 2D,,,Flip the order of the coordinates so the line goes backwards.,149
ST_FlipCoordinates(p_geom geometry),Section 6: Tier1_GeometryFunctions.sql - Define the tier 1 geometry functions,Yes,Swaps lon and lat.,Supported in 2D,,,Swap Latitude and Longitude (fixes data loaded backwards).,150
"ST_Within(p_lon_a double precision[], p_lat_a double precision[], p_lon_b double precision[], p_lat_b double precision[])",Section 6: Tier1_GeometryFunctions.sql - Define the tier 1 geometry functions,Yes,`ST_Contains` with arguments swapped. If something is inside something.,Shim,,,Is shape A completely swallowed up inside shape B?,151
"ST_Within(p_a geometry, p_b geometry)",Section 6: Tier1_GeometryFunctions.sql - Define the tier 1 geometry functions,Yes,`ST_Contains` with arguments swapped. If something is inside something.,Shim,,,Is shape A completely swallowed up inside shape B?,152
"ST_Disjoint(p_lon_a double precision[], p_lat_a double precision[], p_lon_b double precision[], p_lat_b double precision[])",Section 6: Tier1_GeometryFunctions.sql - Define the tier 1 geometry functions,Yes,"""Are they completely separate?""",Shim,,,Are these two shapes completely separate (not touching at all)?,153
"ST_Disjoint(p_a geometry, p_b geometry)",Section 6: Tier1_GeometryFunctions.sql - Define the tier 1 geometry functions,Yes,"""Are they completely separate?""",Shim,,,Are these two shapes completely separate (not touching at all)?,154
"ST_Area(p_lon double precision[], p_lat double precision[])",Section 6: Tier1_GeometryFunctions.sql - Define the tier 1 geometry functions,Yes,Shoelace formula. Returns square degrees (planar). Return the Area,Partial,"PostGIS supports complex polygons with holes (inner rings) and MultiPolygons. YB: simple solid polygons only, no multi-geometry.",possible with C libraries,How big is the inside of this shape?,155
ST_Area(p_geom geometry),Section 6: Tier1_GeometryFunctions.sql - Define the tier 1 geometry functions,Yes,Shoelace formula. Returns square degrees (planar). Return the Area,Partial,"PostGIS supports complex polygons with holes (inner rings) and MultiPolygons. YB: simple solid polygons only, no multi-geometry.",possible with C libraries,How big is the inside of this shape?,156
"ST_Azimuth(p_a geometry, p_b geometry)",Section 6: Tier1_GeometryFunctions.sql - Define the tier 1 geometry functions,Yes,"Bearing in radians from A to B, clockwise from north. It return an angle",Partial,PostGIS enforces input type checking (fails if input is a polygon). YB: ignores shape type and blindly computes bearing between the first coordinates in the arrays.,possible with C libraries,"If I stand at point A and look at point B, what compass direction am I facing?",157
"lm__signed_area(p_lon double precision[], p_lat double precision[])",Section 6: Tier1_GeometryFunctions.sql - Define the tier 1 geometry functions,No (internal helper),"Signed area. Positive = CCW, negative = CW (clockwise). If neither return 0.",Internal Helper,,,Calculates area to determine if a shape was drawn clockwise or counter-clockwise.,158
ST_IsPolygonCCW(p_geom geometry),Section 6: Tier1_GeometryFunctions.sql - Define the tier 1 geometry functions,Yes,Tests winding order.,Partial,"PostGIS validates that the outer boundary is CCW and all inner holes are CW. YB: single simple array only, no holes.","Possible, by building a C-extension geometry type. A proper GSERIALIZED struct supports inner rings, allowing the algorithm to validate the winding order of the full polygon hierarchy.",Is the border of this polygon drawn counter-clockwise?,159
ST_IsPolygonCW(p_geom geometry),Section 6: Tier1_GeometryFunctions.sql - Define the tier 1 geometry functions,Yes,Tests winding order.,Partial,"PostGIS validates that the outer boundary is CW and all inner holes are CCW. YB: single simple array only, no holes.","Possible, by building a C-extension geometry type. A proper struct allows validation across outer boundaries and inner holes.",Is the border of this polygon drawn clockwise?,160
ST_ForcePolygonCCW(p_geom geometry),Section 6: Tier1_GeometryFunctions.sql - Define the tier 1 geometry functions,Yes,"Forces winding order by reversing if needed. If originally not CCW / CW, nothing it returned",Partial,"PostGIS forces the outer boundary to CCW and all inner holes to CW. YB: simply reverses the single array, no holes support.","Possible, by building a C-extension geometry type. The C implementation can iterate over the outer shell and all inner rings to force the OGC-compliant winding order.",Force the border of this polygon to be drawn counter-clockwise.,161
ST_ForcePolygonCW(p_geom geometry),Section 6: Tier1_GeometryFunctions.sql - Define the tier 1 geometry functions,Yes,"Forces winding order by reversing if needed. If originally not CCW / CW, nothing it returned",Partial,"PostGIS forces the outer boundary to CW and all inner holes to CCW. YB: simply reverses the single array, no holes support.","Possible, by building a C-extension geometry type. The C implementation can iterate over the outer shell and all inner rings to force the correct winding order.",Force the border of this polygon to be drawn clockwise.,162
"ST_Scale(p_lon double precision[], p_lat double precision[], p_sx double precision, p_sy double precision)",Section 6: Tier1_GeometryFunctions.sql - Define the tier 1 geometry functions,Yes,"Scales coordinates by factors. (from 0,0)",Partial,"PostGIS scales complex shapes (MultiPolygons, holes) and supports 3D/M scaling factors (p_sz, p_sm). YB: scales a single 2D array only.","Possible, by building a C-extension geometry type. A C struct allows iterating over and scaling all parts of a complex, multi-dimensional geometry.",Stretch or shrink this shape by a specific multiplier.,163
"ST_Scale(p_geom geometry, p_sx double precision, p_sy double precision)",Section 6: Tier1_GeometryFunctions.sql - Define the tier 1 geometry functions,Yes,"Scales coordinates by factors. (from 0,0)",Partial,"PostGIS scales complex shapes (MultiPolygons, holes) and supports 3D/M scaling factors (p_sz, p_sm). YB: scales a single 2D array only.","Possible, by building a C-extension geometry type. A C struct allows iterating over and scaling all parts of a complex, multi-dimensional geometry.",Stretch or shrink this shape by a specific multiplier.,164
"ST_PointInsideCircle(p_point geometry, p_cx double precision, p_cy double precision, p_r double precision)",Section 6: Tier1_GeometryFunctions.sql - Define the tier 1 geometry functions,Yes,Euclidean point-in-circle test. Boolean,Partial,PostGIS enforces input type checking (fails if input is not a Point). YB: ignores shape type and blindly computes distance using the first coordinate in the array.,"Possible, by building a C-extension geometry type. A GSERIALIZED type includes a header byte identifying the shape (Point=1, Polygon=3), allowing strict type validation before execution.",Is this point inside a circle with this specific center and radius?,165
ST_AsText(p_geom geometry),Section 6: Tier1_GeometryFunctions.sql - Define the tier 1 geometry functions,Yes,"Returns WKT: POINT(x y), LINESTRING(x1 y1, x2 y2), or POLYGON((x1 y1, ..., x1 y1)).",Partial,"PostGIS outputs WKT for all OGC types (Multi*, GeometryCollection, 3D). YB: Point/LineString/Polygon only.","Possible, by adding C struct","Convert this shape into readable text, like ""POINT(-111 40)"".",166
ST_AsGeoJSON(p_geom geometry),Section 6: Tier1_GeometryFunctions.sql - Define the tier 1 geometry functions,Yes,"Returns GeoJSON: {""type"":""Point"",""coordinates"":[x,y]}.",Partial,"PostGIS outputs GeoJSON for all OGC types including Feature/FeatureCollection, CRS, bbox, and 3D. YB: Point/LineString/Polygon only, no Feature wrapper.","Possible, by adding C struct",Convert this shape into JSON format for web maps.,167
"lm__point_segment_dist(px double precision, py double precision, ax double precision, ay double precision, bx double precision, b_y double precision)",Section 7: Tier2_GeometryFunctions.sql - Define the tier 2 geometry functions,No (internal helper),Minimum distance from point to line segment.,Internal Helper,,,Finds the shortest distance from a single point to a line segment.,168
"ST_Distance(p_a geometry, p_b geometry)",Section 7: Tier2_GeometryFunctions.sql - Define the tier 2 geometry functions,Yes,Minimum planar distance (degree units). Computes point-to-point and point-to-segment distances.,Supported in 2D,"PostGIS supports complex shapes (MultiPolygons, GeometryCollections). YB: simple solid polygons only, no multi-geometry.","Possible, by linking the GEOS C-library. GEOS distance algorithms natively handle multi-geometries and complex shapes.",What is the shortest straight-line distance between shape A and shape B?,169
ST_Length(p_geom geometry),Section 7: Tier2_GeometryFunctions.sql - Define the tier 2 geometry functions,Yes,Planar sum of segment lengths (degrees).,Supported in 2D,"PostGIS supports MultiLineStrings (e.g., shattered river systems) and 3D lengths. YB: single 2D LineStrings only.","Possible, by building a C-extension geometry type. A proper struct allows iterating over all parts of a MultiLineString and including Z-coordinates.","If I walked from the start of this line to the end, how far is it?",170
ST_Perimeter(p_geom geometry),Section 7: Tier2_GeometryFunctions.sql - Define the tier 2 geometry functions,Yes,Closed ring perimeter (degrees).,Supported in 2D,"PostGIS supports MultiPolygons and polygons with holes (inner rings), summing all boundaries. YB: single outer boundary only.","Possible, by building a C-extension geometry type. A proper struct allows iterating over and summing the perimeters of the outer shell and all inner holes.",How long is the outer fence around this shape?,171
ST_Centroid(p_geom geometry),Section 7: Tier2_GeometryFunctions.sql - Define the tier 2 geometry functions,Yes,Geometric center. Points: identity. Lines: midpoint. Polygons: weighted centroid via shoelace sums.,Partial,"PostGIS handles all geometry types (Multi*, GeometryCollection, curves); for mixed dimensions, returns centroid of highest-dimension components. YB: simple polygons only via shoelace, no multi-geometry.",,Where is the exact center of gravity (the dead middle) of this shape?,172
"ST_Distancesphere(p_a geometry, p_b geometry)",Section 7: Tier2_GeometryFunctions.sql - Define the tier 2 geometry functions,Yes,Haversine / Vincenty distance in meters.,partial,PostGIS calculates spherical distance between complex shapes (lines/polygons). YB: ignores full shapes and only calculates distance between the first coordinates (lon[1]/lat[1]) of the arrays.,"Possible, by linking the PROJ/GeographicLib C-library. GeographicLib calculates exact geodesic distances and naturally handles complex geometries if passed via a standard C struct.",What is the shortest distance between A and B curving along the Earth?,173
"ST_DWithin(p_a geometry, p_b geometry, p_distance double precision)",Section 7: Tier2_GeometryFunctions.sql - Define the tier 2 geometry functions,Yes,True if planar distance <= threshold.,partial,"PostGIS uses a GiST (R-Tree) index for massive performance gains, and its distance math handles multi-geometries/holes. YB: forces full-table scans for lines/polygons, and math is limited to single, solid 2D boundaries.",Possible for math (C-struct + GEOS). Requires core database changes for indexing. Linking GEOS fixes the math/shape limitations. Geohash can hack this one,Are these two shapes within X miles of each other?,174
lm__line_total_length(p_geom geometry),Section 7: Tier2_GeometryFunctions.sql - Define the tier 2 geometry functions,No (internal helper),Total line length for linear referencing.,Internal Helper,,,Adds up the length of all the little segments that make up a line.,175
"ST_Simplify(p_geom geometry, p_tolerance double precision)",Section 7: Tier2_GeometryFunctions.sql - Define the tier 2 geometry functions,Yes,Douglas-Peucker algorithm. Iterative stack-based implementation.,Partial,"PostGIS Douglas-Peucker handles all geometry types; has preserveCollapsed param. YB: correct DP algorithm but no multi-geometry, no topology preservation (would require GEOS).",,Remove unnecessary zig-zags from this shape to make it smoother and smaller.,176
"ST_Simplify(p_geom geometry, p_tolerance double precision, p_preserve_collapsed boolean)",Section 7: Tier2_GeometryFunctions.sql - Define the tier 2 geometry functions,Yes,Douglas-Peucker algorithm. Iterative stack-based implementation.,Partial,"PostGIS Douglas-Peucker handles all geometry types; has preserveCollapsed param. YB: correct DP algorithm but no multi-geometry, no topology preservation (would require GEOS).",,Remove unnecessary zig-zags from this shape to make it smoother and smaller.,177
"ST_Simplify(p_geom geometry, p_tolerance numeric, p_preserve_collapsed boolean)",Section 7: Tier2_GeometryFunctions.sql - Define the tier 2 geometry functions,Yes,Douglas-Peucker algorithm. Iterative stack-based implementation.,Partial,"PostGIS Douglas-Peucker handles all geometry types; has preserveCollapsed param. YB: correct DP algorithm but no multi-geometry, no topology preservation (would require GEOS).",,Remove unnecessary zig-zags from this shape to make it smoother and smaller.,178
"ST_LineInterpolatePoint(p_geom geometry, p_fraction double precision)",Section 7: Tier2_GeometryFunctions.sql - Define the tier 2 geometry functions,Yes,Returns the point at a given fraction (0..1) along a line.,Partial,PostGIS Douglas-Peucker handles all geometry types...,C library,"If I travel 50% down this line, where exactly am I?",179
"ST_LineLocatePoint(p_line geometry, p_point geometry)",Section 7: Tier2_GeometryFunctions.sql - Define the tier 2 geometry functions,Yes,Returns the fraction (0..1) of the closest point on the line. (so there will be a T),Partial,"Accepts the preserveCollapsed param but ignores it, delegating to the 2-arg version.",C library,What percentage of the way down this line is closest to my location?,180
"ST_LineSubstring(p_geom geometry, p_start_frac double precision, p_end_frac double precision)",Section 7: Tier2_GeometryFunctions.sql - Define the tier 2 geometry functions,Yes,Extracts a sub-line between two fractions.,Partial,"Accepts the preserveCollapsed param but ignores it, delegating to the 2-arg version.",C library,Cut a piece out of this line starting at 10% and ending at 90%.,181
ST_GeomFromText(p_wkt text),Section 7: Tier2_GeometryFunctions.sql - Define the tier 2 geometry functions,Yes,"Parses WKT strings. Supports POINT, LINESTRING, POLYGON (no holes, no multi-geometries).",Partial,"PostGIS parses all WKT types (Multi*, GeometryCollection, curves, 3D). YB: POINT/LINESTRING/POLYGON only, no multi-geometry, no holes, no 3D.",Yes,"Read a text string like ""POINT(-111 40)"" and turn it into a database shape.",182
ST_GeomFromGeoJSON(p_json text),Section 7: Tier2_GeometryFunctions.sql - Define the tier 2 geometry functions,Yes,"Parses GeoJSON Point, LineString, Polygon. Same thing as above but parse JSON",Partial,"PostGIS parses all GeoJSON types including Multi*, GeometryCollection, 3D; accepts text/json/jsonb. YB: Point/LineString/Polygon only, no multi-geometry, text input only.",Yes,Read a JSON object and turn it into a database shape.,183
"ST_Rotate(p_geom geometry, p_angle double precision, p_cx double precision DEFAULT 0, p_cy double precision DEFAULT 0)",Section 7: Tier2_GeometryFunctions.sql - Define the tier 2 geometry functions,Yes,2D rotation around a center point.,Supported in 2D,PostGIS rotates complex multi-geometries and holes. YB: rotates a single 2D array only.,"Possible, by building a C-extension geometry type. A proper struct allows iterating over all parts of a MultiGeometry/hole hierarchy.",Spin this shape around a center point.,184
"ST_Affine(p_geom geometry, p_a double precision, p_b double precision, p_d double precision, p_e double precision, p_xoff double precision, p_yoff double precision)",Section 7: Tier2_GeometryFunctions.sql - Define the tier 2 geometry functions,Yes,General 2D affine transform. x' = a*x + b*y + xoff; y' = d*x + e*y + yoff,Supported in 2D,"PostGIS supports full 3D affine transformations and applies them across complex multi-geometries. YB: 2D only, simple single array.","Possible, by building a C-extension geometry type. A proper struct allows iterating over all parts of a complex shape, and adding 3D math parameters.","Apply complex math to shift, scale, and rotate this shape all at once.",185
ST_DumpPoints(p_geom geometry),Section 7: Tier2_GeometryFunctions.sql - Define the tier 2 geometry functions,Yes,"Returns each vertex as `(path integer[], geom geometry)`.",Supported in 2D,"PostGIS returns a path array that explicitly tells you where the vertex came from (e.g., Polygon 1, Inner Ring 2, Vertex 5). YB: The path is just [1], [2] because there is no hierarchy to report.","Possible, by building a C-extension geometry type. A proper GSERIALIZED struct tracks the hierarchy of rings and collections, allowing the dump function to populate the full path array correctly.",Extract every single point out of a complex shape and return them as individual rows.,186
ST_DumpSegments(p_geom geometry),Section 7: Tier2_GeometryFunctions.sql - Define the tier 2 geometry functions,Yes,"Returns each edge as `(path integer[], geom geometry)`.",Supported in 2D,"PostGIS returns a path array detailing the source of the segment within complex MultiGeometries. YB: The path is just [1], [2] because there is no hierarchy to report.","Possible, by building a C-extension geometry type. A proper GSERIALIZED struct tracks the hierarchy, allowing the dump function to populate the full path array correctly.",Extract every single line segment out of a complex shape and return them as individual rows.,187
"ST_SnapToGrid(p_geom geometry, p_size double precision)",Section 7: Tier2_GeometryFunctions.sql - Define the tier 2 geometry functions,Yes,Rounds coordinates to nearest grid multiple.,Supported in 2D,"PostGIS allows snapping Z/M coordinates to different grid sizes, supports origin offsets, and handles multi-geometries. YB: 2D X/Y snapping only, no origin offset, single array.","Possible, by building a C-extension geometry type. A proper struct allows iterating over all parts of a complex shape and supports Z/M coordinates for full multi-dimensional grid snapping.",Round all the coordinates so they snap neatly to a grid.,188
"ST_RemoveRepeatedPoints(p_geom geometry, p_tolerance double precision DEFAULT 0)",Section 7: Tier2_GeometryFunctions.sql - Define the tier 2 geometry functions,Yes,Removes consecutive duplicate vertices within tolerance.,Supported in 2D,"PostGIS applies this recursively to every ring inside every polygon of a MultiPolygon, and includes 3D distances. YB: Applies the 2D algorithm to a single array only.","Possible, by building a C-extension geometry type. A proper struct allows iterating over and editing all rings within a complex geometry hierarchy, while incorporating 3D distance math.",Delete back-to-back duplicate coordinates to clean up the data.,189
"ST_Segmentize(p_geom geometry, p_max_len double precision)",Section 7: Tier2_GeometryFunctions.sql - Define the tier 2 geometry functions,Yes,Subdivides long segments by inserting intermediate vertices. (divided by length),Supported in 2D,"PostGIS applies this recursively to every ring inside every polygon of a MultiPolygon, and includes 3D distances. YB: Applies the 2D algorithm to a single array only.","Possible, by building a C-extension geometry type. A proper struct allows iterating over and editing all rings within a complex geometry hierarchy, while incorporating 3D distance math.",Chop long lines into smaller segments so no piece is longer than X miles.,190
"ST_ClipByBox2D(p_geom geometry, p_xmin double precision, p_ymin double precision, p_xmax double precision, p_ymax double precision)",Section 7: Tier2_GeometryFunctions.sql - Define the tier 2 geometry functions,Yes,Clips polygon to axis-aligned bounding box using Sutherland-Hodgman. It returns the overlap of two shape.,Partial,"PostGIS clips any geometry type against a box2d. YB: single polygon only, no multi-geometry.",,Cut this shape so only the part inside this rectangle remains.,191
"ST_ClipByBox2D(p_geom geometry, p_box geometry)",Section 7: Tier2_GeometryFunctions.sql - Define the tier 2 geometry functions,Yes,Clips polygon to axis-aligned bounding box using Sutherland-Hodgman. It returns the overlap of two shape.,Partial,"PostGIS clips any geometry type against a box2d. YB: single polygon only, no multi-geometry.",,Cut this shape so only the part inside this rectangle remains.,192
"ST_GeneratePoints(p_geom geometry, p_npoints integer)",Section 7: Tier2_GeometryFunctions.sql - Define the tier 2 geometry functions,Yes,Random points inside a polygon via rejection sampling.,Partial,"PostGIS returns MultiPoint; has seed param (since 3.0) for deterministic results; supports MultiPolygon input. YB: returns SETOF geometry (individual points), no seed param, single polygon only.",,Randomly scatter 50 points inside this polygon.,193
"ST_ChaikinSmoothing(p_geom geometry, p_niterations integer DEFAULT 1)",Section 7: Tier2_GeometryFunctions.sql - Define the tier 2 geometry functions,Yes,Corner-cutting smoothing.,Partial,"PostGIS has preserveEndPoints param (default false), max 5 iterations, handles 3D/M, proper ring closure for polygons. YB: missing preserveEndPoints, no iteration cap, no ring closure handling, 2D only.",,Round off the sharp corners of this shape to make it smooth.,194
"ST_Expand(p_geom geometry, p_amount double precision)",Section 7: Tier2_GeometryFunctions.sql - Define the tier 2 geometry functions,Yes,Expands the bounding box by `amount` in all 4 directions.,Supported in 2D,PostGIS supports expanding a 3D/4D bounding box (adding dz and dm parameters). YB: expands a 2D bounding box only.,"Possible, by building a C-extension geometry type. A proper struct explicitly supports Z and M dimensions, allowing the expansion logic to apply across all axes.",Make this bounding box slightly larger in all directions.,195
ST_Summary(p_geom geometry),Section 7: Tier2_GeometryFunctions.sql - Define the tier 2 geometry functions,Yes,"Text description: geometry type, vertex count, bounding box.",Supported in 2D,"PostGIS provides summary strings for all complex types (MultiPolygons, GeometryCollections) and explicitly flags Z/M dimensions. YB: only reports on 3 basic types (Point, LineString, Polygon) in 2D.","Possible, by building a C-extension geometry type. A proper struct includes header bytes identifying the exact geometry type and dimensional flags, allowing the summary function to accurately describe complex shapes.",Give me a quick text summary of what this shape is and how big its bounding box is.,196
"ST_AddPoint(p_geom geometry, p_point geometry, p_position integer DEFAULT -1)",Section 7: Tier2_GeometryFunctions.sql - Define the tier 2 geometry functions,Yes,Vertex editing (0-based index).,Supported in 2D,PostGIS explicitly restricts this to LineStrings (fails on Polygons/Points) and correctly splices 3D/M coordinates. YB: blindly splices the 2D array without type-checking.,"Possible, by building a C-extension geometry type. A proper struct allows strict type validation (rejecting non-LineStrings) and handles multi-dimensional coordinate splicing.",Insert a new coordinate into this line.,197
"ST_RemovePoint(p_geom geometry, p_index integer)",Section 7: Tier2_GeometryFunctions.sql - Define the tier 2 geometry functions,Yes,Vertex editing (0-based index).,Supported in 2D,PostGIS explicitly restricts this to LineStrings and safely removes multi-dimensional coordinates. YB: blindly splices the 2D array without type-checking.,"Possible, by building a C-extension geometry type. A proper struct allows strict type validation (rejecting non-LineStrings) and handles multi-dimensional coordinate removal.",Delete a specific coordinate from this line.,198
"ST_SetPoint(p_geom geometry, p_index integer, p_point geometry)",Section 7: Tier2_GeometryFunctions.sql - Define the tier 2 geometry functions,Yes,Vertex editing (0-based index).,Supported in 2D,PostGIS explicitly restricts this to LineStrings and safely replaces multi-dimensional coordinates. YB: blindly overwrites the 2D array index without type-checking.,"Possible, by building a C-extension geometry type. A proper struct allows strict type validation (rejecting non-LineStrings) and handles multi-dimensional coordinate replacement.",Replace a specific coordinate in this line with a new one.,199
"ST_Project(p_point geometry, p_distance double precision, -- meters p_azimuth double precision -- radians)",Section 7: Tier2_GeometryFunctions.sql - Define the tier 2 geometry functions,Yes,Forward geodesic projection using Vincenty direct formula on WGS84.,Approximate,"PostGIS geometry ST_Project uses GeographicLib on the ellipsoid. YB: spherical approximation (R=6371km), not ellipsoidal.",,"If I start here, face a specific direction, and walk 500 feet, where do I end up?",200
ST_ConvexHull(p_geom geometry),Section 8: Tier3_GeometryFunctions.sql - Define the tier 3 geometry functions,Yes,Graham scan convex hull. (smallest convex polygon that encloses all the points.) Convex is a polygon that has no corner that’s \>= 180 degree,Partial,"PostGIS uses GEOS; handles any geometry type including Multi* and GeometryCollection; returns Point/LineString for degenerate cases. YB: correct Graham scan but no multi-geometry, O(n^2) sort.",,Wrap a tight rubber band around all these points and give me that shape.,201
"ST_Intersection(p_a geometry, p_b geometry)",Section 8: Tier3_GeometryFunctions.sql - Define the tier 3 geometry functions,Yes,Sutherland-Hodgman polygon clipping. Exact for convex polygons.,Partial,"PostGIS uses GEOS for exact boolean intersection on any geometry type; supports gridSize param. YB: Sutherland-Hodgman — exact for convex polygons only, approximate for non-convex.",,Give me the new shape created by the exact overlapping area of shape A and shape B.,202
"ST_Union(p_a geometry, p_b geometry)",Section 8: Tier3_GeometryFunctions.sql - Define the tier 3 geometry functions,Yes,Convex hull of combined vertices. Approximate for non-convex shapes.,Approximate,PostGIS uses GEOS for exact boolean union on any geometry type; supports gridSize param and aggregate form. YB: returns convex hull of combined vertices — not a true union.,,Melt shape A and shape B together into one giant shape.,203
"ST_Difference(p_a geometry, p_b geometry)",Section 8: Tier3_GeometryFunctions.sql - Define the tier 3 geometry functions,Yes,Vertices of A outside B plus intersection points along edges. Exact for convex shapes.,Partial,PostGIS uses GEOS for exact boolean difference on any geometry type; supports gridSize param. YB: vertex-based approach — exact for convex polygon pairs only.,,"Cut shape B out of shape A, and give me what is left over.",204
"ST_SymDifference(p_a geometry, p_b geometry)",Section 8: Tier3_GeometryFunctions.sql - Define the tier 3 geometry functions,Yes,"Convex hull of (A\B union B\A). Approximate. ST_Difference(A, B) returns the part of A that is NOT inside B",Approximate,PostGIS uses GEOS for exact symmetric difference on any geometry type; supports gridSize param. YB: returns convex hull of the two differences — not a true symmetric difference.,,Give me the parts of shape A and shape B that DO NOT overlap.,205
"ST_Buffer(p_geom geometry, p_distance double precision, p_segments integer DEFAULT 8)",Section 8: Tier3_GeometryFunctions.sql - Define the tier 3 geometry functions,Yes,Point: generates circular polygon. Polygon: offsets vertices along bisector normals. Approximate.,Approximate,"PostGIS uses GEOS for precise buffer with configurable end cap/join styles (round/flat/mitre) and quad_segs. YB: point=circle approximation, polygon=rough vertex offset along bisector normals, no arc segments at corners, no style options.",,Draw a border exactly 5 miles outward around this entire shape.,206
ST_IsValid(p_geom geometry),Section 8: Tier3_GeometryFunctions.sql - Define the tier 3 geometry functions,Yes,"Checks for empty arrays, NaN/Inf coordinates, self-intersecting edges, and non-zero area for polygons.",Partial,"PostGIS uses GEOS for full OGC validity (ring orientation, nesting, duplicate rings, etc.); supports flags param for ESRI mode. YB: basic checks only (empty/NaN/self-intersection/zero-area), no flags param.",,"Check if this shape is mathematically sound (e.g., lines don't cross themselves).",207
"ST_Touches(p_a geometry, p_b geometry)",Section 8: Tier3_GeometryFunctions.sql - Define the tier 3 geometry functions,Yes,True if boundaries contact but interiors do not overlap.,Partial,"PostGIS uses GEOS DE-9IM (patterns FT*******, F**T*****, F***T****); handles all geometry types. YB: simplified boundary-distance check, no full DE-9IM.",,Do the borders of these two shapes touch without overlapping?,208
"ST_Crosses(p_a geometry, p_b geometry)",Section 8: Tier3_GeometryFunctions.sql - Define the tier 3 geometry functions,Yes,True if geometries have partial interior intersection at lower dimensions.,Partial,PostGIS uses GEOS DE-9IM; handles all dimension combinations per OGC spec. YB: simplified — only handles line-vs-polygon and line-vs-line cases.,,Does this line slice completely through this polygon?,209
"ST_Overlaps(p_a geometry, p_b geometry)",Section 8: Tier3_GeometryFunctions.sql - Define the tier 3 geometry functions,Yes,True if same-dimension geometries partially overlap and neither contains the other.,Partial,"PostGIS uses GEOS DE-9IM; handles all same-dimension geometry pairs. YB: simplified — checks intersects + neither-contains, no full DE-9IM.",,Do these two polygons partially cover each other like a Venn diagram?,210
"ST_Equals(p_a geometry, p_b geometry)",Section 8: Tier3_GeometryFunctions.sql - Define the tier 3 geometry functions,Yes,Topological equality. For polygons: mutual containment. For lines/points: same vertices in any order.,Partial,"PostGIS uses GEOS DE-9IM for topological equality; handles all geometry types. YB: mutual ST_Contains for polygons, vertex-by-vertex for lines. No multi-geometry.",,Are these two shapes physically identical in space?,211
"ST_Simplify_vw(p_geom geometry, p_area_threshold double precision)",Section 8: Tier3_GeometryFunctions.sql - Define the tier 3 geometry functions,Yes,Visvalingam-Whyatt algorithm. Removes vertices by effective triangle area.(remove dots that doesn’t change the polygon),Partial,"PostGIS Visvalingam-Whyatt handles all geometry types; supports 3D. YB: correct VW but no multi-geometry, no 3D.",,Remove visually insignificant corners to make the shape smaller.,212
geohash8_fully_within_polygon(p_hashes text[]),Section 9: GeohashPolygonFunctions.sql - Define the geohash polygon functions,No (YB custom),"Given 3-5 geohash strings that define polygon vertices, returns all precision-8 cells fully contained within it.",N/A (YB Custom),,,Find all the tiny Geohash squares that fit completely inside this large shape.,213
"geohash8_fully_within_polygon(p1 text, p2 text, p3 text, p4 text DEFAULT NULL, p5 text DEFAULT NULL )",Section 9: GeohashPolygonFunctions.sql - Define the geohash polygon functions,No (YB custom),"Given 3-5 geohash strings that define polygon vertices, returns all precision-8 cells fully contained within it.",N/A (YB Custom),,,Find all the tiny Geohash squares that fit completely inside this large shape.,214
"geohash_cells_for_bbox(p_lon_min double precision, p_lat_min double precision, p_lon_max double precision, p_lat_max double precision, p_precision integer)",Section 10: GeohashBboxFunctions.sql - Define the geohash bbox functions,No (YB custom),Enumerates all geohash cells covering a bounding box at the given precision. Core function for the two-phase query pattern.,N/A (YB Custom),,,Give me a list of all the Geohash squares that cover this large rectangle.,215
"geohash_cells_for_bbox(p_lon_min double precision, p_lat_min double precision, p_lon_max double precision, p_lat_max double precision)",Section 10: GeohashBboxFunctions.sql - Define the geohash bbox functions,No (YB custom),Enumerates all geohash cells covering a bounding box at the given precision. Core function for the two-phase query pattern.,N/A (YB Custom),,,Give me a list of all the Geohash squares that cover this large rectangle.,216
"geohash_cells_for_bbox(p_lon_min numeric, p_lat_min numeric, p_lon_max numeric, p_lat_max numeric, p_precision integer)",Section 10: GeohashBboxFunctions.sql - Define the geohash bbox functions,No (YB custom),Enumerates all geohash cells covering a bounding box at the given precision. Core function for the two-phase query pattern.,N/A (YB Custom),,,Give me a list of all the Geohash squares that cover this large rectangle.,217
"geohash_cells_for_bbox(p_lon_min numeric, p_lat_min numeric, p_lon_max numeric, p_lat_max numeric)",Section 10: GeohashBboxFunctions.sql - Define the geohash bbox functions,No (YB custom),Enumerates all geohash cells covering a bounding box at the given precision. Core function for the two-phase query pattern.,N/A (YB Custom),,,Give me a list of all the Geohash squares that cover this large rectangle.,218